name,iata,icao,lat,lng,rank2000,total2000,pchange2000,rank2001,total2001,rchange2001,pchange2001,rank2002,total2002,rchange2002,pchange2002,rank2003,total2003,rchange2003,pchange2003,rank2004,total2004,rchange2004,pchange2004,rank2005,total2005,rchange2005,pchange2005,rank2006,total2006,rchange2006,pchange2006,rank2007,total2007,rchange2007,pchange2007,rank2008,total2008,rchange2008,pchange2008,rank2009,total2009,rchange2009,pchange2009,rank2010,total2010,rchange2010,pchange2010,rank2011,total2011,rchange2011,pchange2011,rank2012,total2012,rchange2012,pchange2012,rank2013,total2013,rchange2013,pchange2013,rank2014,total2014,rchange2014,pchange2014,rank2015,total2015,rchange2015,pchange2015
Frankfurt am Main International Airport,FRA,EDDF,50.03333330000,8.57055560000,7,49360630,Increase7.6,7,48559980,Steady,Decrease1.6%,7,48450357,Steady,Decrease0.2%,7,48351664,Steady,Decrease0.2%,8,51098271,Decrease1,Increase5.7%,8,52219412,Steady,Increase2.2%,8,52810683,Steady,Increase1.1%,8,54161856,Steady,Increase2.6%,9,53467450,Decrease1,Decrease1.3%,9,50932840,Steady,Decrease4.7%,9,53009221,Steady,Increase4.1%,9,56436255,Steady,Increase6.5%,11,57520001,Decrease2,Increase1.9%,12,58036948,Decrease1,Increase0.9%,11,59566132,Increase1,Increase2.6%,12,61032022,Decrease1,Increase2.5%
London Gatwick Airport,LGW,EGKK,51.14810181000,-0.19027799400,23,32065685,Increase4.9,20,31182364,Increase3,Decrease2.8%,22,29628423,Decrease2,Decrease5.0%,19,30007021,Increase3,Increase1.3%,23,31461454,Decrease4,Increase4.8%,24,32784330,Decrease1,Increase4.2%,25,34172492,Decrease1,Increase4.2%,25,35218374,Steady,Increase3.1%,28,34214740,Decrease3,Decrease2.9%,31,32398979,Decrease3,Decrease5.3%,40,31378644,Decrease9,,36,33668048,Increase4,Increase6.8%,36,34222405,Steady,Increase1.7%,37,35448590,Decrease1,Increase3.6%,36,38105747,Increase1,Increase7.5%,37,40271343,Decrease1,Increase5.7%
London Heathrow Airport,LHR,EGLL,51.47060000000,-0.46194100000,4,64606826,Increase3.8,4,60743084,Steady,Decrease6.0%,3,63338641,Increase1,Increase4.3%,3,63487136,Steady,Increase0.2%,3,67344054,Steady,Increase6.1%,3,67915403,Steady,Increase0.8%,3,67530197,Steady,Decrease0.6%,3,68068304,Steady,Increase0.8%,3,67056379,Steady,Decrease1.5%,2,66037578,Increase1,Decrease1.5%,4,65884143,Decrease2,Decrease0.2%,3,69433565,Increase1,Increase5.4%,3,70037417,Steady,Increase0.9%,3,72368030,Steady,Increase3.3%,3,73408489,Steady,Increase1.4%,6,74989795,Decrease3,Increase2.2%
Amsterdam Airport Schiphol,AMS,EHAM,52.30860138000,4.76388979000,10,39606925,Increase7.7,9,39531123,Increase1,Decrease0.2%,9,40736009,Steady,Increase3.0%,9,39960400,Steady,Decrease1.9%,9,42541180,Steady,Increase6.5%,9,44163098,Steady,Increase3.8%,12,46065719,Decrease3,Increase4.4%,12,47794994,Steady,Increase3.8%,14,47430019,Decrease2,Decrease0.8%,14,43570370,Steady,Decrease8.1%,15,45211749,Decrease1,Increase3.8%,14,49755252,Increase1,Increase10.0%,16,51035590,Decrease2,Increase2.6%,14,52569250,Increase2,Increase3.0%,14,54978023,Steady,Increase4.6%,14,58284864,Steady,Increase6.0%
Adolfo Suárez Madrid–Barajas Airport,MAD,LEMD,40.47192600000,-3.56264000000,20,32893190,Increase17.5,16,34047931,Increase4,Increase3.5%,13,33913456,Increase3,Decrease0.4%,13,35854293,Steady,Increase5.7%,13,38704731,Steady,Increase7.9%,12,41940059,Increase1,Increase8.4%,13,45501168,Decrease1,Increase8.0%,10,52122702,Increase3,Increase13.9%,11,50824435,Decrease1,Decrease2.4%,11,48250784,Steady,Decrease5.1%,12,49844596,Decrease1,Increase3.0%,15,49653055,Decrease3,Decrease0.4%,19,45175501,Decrease4,Decrease9.0%,29,39729027,Decrease10,Decrease12.1%,27,41822863,Increase2,Increase5.3%,24,46779554,Increase3,Increase12.0%
Charles de Gaulle International Airport,CDG,LFPG,49.01279831000,2.54999995200,8,48246137,Increase10.6,8,47996529,Steady,Decrease0.5%,8,48350172,Steady,Increase0.7%,8,48220436,Steady,Decrease0.3%,7,51260363,Increase1,Increase6.3%,7,53798308,Steady,Increase5.0%,7,56849567,Steady,Increase5.7%,6,59922177,Increase1,Increase5.4%,5,60874681,Increase1,Increase1.6%,6,57906866,Decrease1,Decrease4.9%,7,58167062,Decrease1,Increase0.5%,7,60970551,Steady,Increase4.8%,7,61611934,Steady,Increase1.1%,8,62052917,Decrease1,Increase0.7%,8,63813756,Steady,Increase2.8%,9,65766986,Decrease1,Increase3.1%
Tokyo Haneda International Airport,HND,RJTT,35.55229900000,139.77999900000,6,56402206,Increase3.8,5,58692688,Increase1,Increase4.1%,4,61079478,Increase1,Increase4.1%,4,62876269,Steady,Increase2.9%,4,62291405,Steady,Decrease0.9%,4,63282219,Steady,Increase1.6%,4,65810672,Steady,Increase4.0%,4,66823414,Steady,Increase1.1%,4,66754829,Steady,Decrease0.2%,5,61903656,Decrease1,Decrease7.2%,5,64211074,Steady,Increase3.7%,5,62584826,Steady,Decrease2.5%,4,67788722,Increase1,Increase8.3%,4,68906636,Steady,Increase3.3%,4,72826565,Steady,Increase5.7%,5,75316718,Decrease1,Increase3.4%
San Francisco International Airport,SFO,KSFO,37.61899948000,-122.37500000000,9,41040995,Increase1.8,14,34632474,Decrease5,Decrease15.6%,19,31456422,Decrease5,Decrease9.2%,22,29313271,Decrease3,Decrease6.8%,21,32247746,Increase1,Increase10.0%,23,33394225,Decrease2,Increase2.3%,26,33574807,Decrease3,Increase0.5%,23,35792707,Increase3,Increase6.6%,21,37234592,Increase2,Increase4.7%,20,37338942,Increase1,Increase0.3%,23,39253999,Decrease3,Increase5.1%,21,40927786,Increase2,Increase4.3%,22,44431894,Decrease1,Increase8.6%,22,44944201,Steady,Increase1.2%,21,47114631,Increase1,Increase4.8%,21,50057887,Steady,Increase6.3%
Los Angeles International Airport,LAX,KLAX,33.94250107000,-118.40799710000,3,66424767,Increase4.8,3,61606204,Steady,Decrease8.5%,5,56223843,Decrease2,Decrease8.7%,5,54982838,Steady,Decrease2.2%,5,60688609,Steady,Increase10.4%,5,61489398,Steady,Increase1.3%,5,61041066,Steady,Decrease0.7%,5,61896075,Steady,Increase1.4%,6,59497539,Decrease1,Decrease4.7%,7,56520843,Decrease1,Decrease5.5%,6,59070127,Increase1,Increase4.5%,6,61862052,Steady,Increase4.7%,6,63688121,Steady,Increase3.0%,6,66702252,Steady,Increase4.7%,5,70663265,Increase1,Increase6.0%,7,74937004,Decrease2,Increase6.1%
Newark Liberty International Airport,EWR,KEWR,40.69250107000,-74.16870117000,18,34188468,Increase1.7,22,30558000,Decrease4,Decrease10.6%,23,29202654,Decrease1,Decrease6.1%,21,29431061,Increase2,Increase0.7%,22,31947266,Decrease1,Increase8.4%,22,33999990,Steady,Increase3.3%,19,36724167,Increase3,Increase7.9%,21,36367240,Decrease2,Increase2.1%,23,35360848,Decrease2,Decrease2.8%,29,33399207,Decrease6,Decrease5.5%,34,33133852,Decrease5,,37,33577154,Decrease3,Increase1.3%,38,33993962,Decrease1,Increase0.9%,40,35016236,Decrease2,Increase3.0%,44,35610759,Decrease4,Increase1.7%,47,37494704,Decrease3,Increase5.3%
George Bush Intercontinental Houston Airport,IAH,KIAH,29.98439980000,-95.34140015000,17,35251372,Increase6.7,13,34803580,Increase4,Decrease1.3%,14,33905253,Decrease1,Decrease2.6%,14,34154574,Steady,Increase0.7%,18,36506116,Decrease4,Increase6.9%,17,39684640,Increase1,Increase8.7%,17,42550432,Steady,Increase7.1%,16,42998040,Increase1,Increase1.1%,16,41709389,Steady,Decrease3.0%,18,40007354,Decrease2,Decrease4.1%,21,40479569,Decrease3,Increase1.2%,24,40128953,Decrease3,Decrease0.9%,26,40022736,Decrease2,Decrease0.5%,28,39865325,Decrease2,Decrease0.1%,28,41239700,Steady,Increase3.6%,30,43023224,Decrease2,Increase4.3%
Miami International Airport,MIA,KMIA,25.79319954000,-80.29060364000,19,33621273,Increase0.8,19,31668450,Steady,Decrease5.8%,20,30060241,Decrease1,Decrease5.1%,20,29595618,Steady,Decrease1.5%,27,30165197,Decrease7,Increase1.9%,28,31008453,Decrease1,Increase2.8%,27,32533974,Increase1,Increase4.9%,29,33740416,Decrease2,Increase3.7%,29,34063531,Steady,Increase1.0%,25,33886025,Increase4,Decrease0.5%,28,35698025,Decrease3,Increase5.4%,26,38314389,Increase2,Increase7.3%,28,39467444,Decrease2,Increase3.0%,26,40563071,Increase2,Increase2.8%,29,40941879,Decrease3,Increase0.9%,28,44350247,Increase1,Increase8.3%
Dallas Fort Worth International Airport,DFW,KDFW,32.89680099000,-97.03800201000,5,60687122,Increase1.1,6,55150693,Decrease1,Decrease9.2%,6,52828573,Steady,Decrease4.2%,6,53253607,Steady,Increase0.8%,6,59412217,Steady,Increase11.6%,6,59176265,Steady,Decrease0.4%,6,60226138,Steady,Increase1.8%,7,59786476,Decrease1,Decrease0.7%,7,57093187,Steady,Decrease4.5%,8,56030457,Decrease1,Decrease1.9%,8,56906610,Steady,Increase1.6%,8,57832495,Steady,Increase1.6%,8,58591842,Steady,Increase1.4%,9,60436266,Decrease1,Increase3.2%,9,63554402,Steady,Increase5.1%,10,65512163,Decrease1,Increase0.9%
Hartsfield Jackson Atlanta International Airport,ATL,KATL,33.63669968000,-84.42810059000,1,80162407,Increase0.6,1,75858590,Steady,Decrease5.4%,1,76876128,Steady,Increase1.3%,1,79086792,Steady,Increase2.9%,1,83606583,Steady,Increase5.7%,1,85907423,Steady,Increase 2.8%,1,84846639,Steady,Decrease1.2%,1,89379287,Steady,Increase5.3%,1,90039280,Steady,Increase0.7%,1,88032086,Steady,Decrease2.2%,1,89331622,Steady,Increase1.5%,1,92389023,Steady,Increase3.5%,1,94956643,Steady,Increase3.3%,1,94430785,Steady,Decrease1.1%,1,96178899,Steady,Increase1.9%,1,101491106,Steady,Increase5.5%
Denver International Airport,DEN,KDEN,39.86169815000,-104.67299650000,11,38751687,Increase1.9,10,36092806,Increase1,Decrease6.9%,10,35651098,Steady,Decrease1.2%,10,37505138,Steady,Increase5.2%,10,42393766,Steady,Increase13.0%,11,43387513,Decrease1,Increase2.6%,10,47325016,Increase1,Increase9.1%,11,49863352,Decrease1,Increase5.4%,10,51245334,Increase1,Increase2.8%,10,50167485,Steady,Decrease2.1%,10,52209377,Steady,Increase4.1%,11,52849132,Decrease1,Increase1.7%,13,53156278,Decrease2,Increase0.6%,15,52556359,Decrease2,Decrease1.1%,17,53472514,Decrease2,Increase1.7%,19,54014502,Decrease2,Increase1.0%
John F Kennedy International Airport,JFK,KJFK,40.63980103000,-73.77890015000,21,32856220,Increase3.7,23,29349000,Decrease2,Decrease10.7%,21,29943084,Increase2,Increase2.0%,17,31732371,Increase4,Increase6.0%,15,37518143,Increase2,Increase18.2%,13,41885104,Increase2,Increase8.9%,15,43762282,Decrease2,Increase4.5%,13,47716941,Increase2,Increase11.9%,13,47807816,Steady,Increase0.2%,12,45915069,Increase1,Decrease3.9%,14,46514154,Decrease2,Increase1.4%,17,47644060,Decrease3,Increase2.4%,17,49293587,Steady,Increase3.1%,19,50413204,Decrease2,Increase2.3%,18,53254533,Increase1,Increase5.6%,15,56827154,Increase3,Increase6.8%
Chicago O'Hare International Airport,ORD,KORD,41.97859955000,-87.90480042000,2,72144244,Increase2.7,2,67448064,Steady,Decrease6.5%,2,66565952,Steady,Decrease1.3%,2,69508672,Steady,Increase4.4%,2,75533822,Steady,Increase8.7%,2,76510003,Steady,Increase1.3%,2,77028134,Steady,Increase0.7%,2,76177855,Steady,Decrease0.1%,2,69353876,Steady,Decrease9.0%,4,64158343,Decrease2,Decrease6.1%,3,66774738,Increase1,Increase4.1%,4,66701241,Decrease1,Decrease0.1%,5,66834931,Decrease1,Decrease0.4%,5,66883271,Steady,Decrease0.1%,7,69999010,Decrease2,Increase4.6%,4,76942493,Increase3,Increase9.8%
Minneapolis-St Paul International/Wold-Chamberlain Airport,MSP,KMSP,44.88199997000,-93.22180176000,13,36751632,Increase5.8,15,34308389,Decrease2,Decrease6.7%,16,32628331,Decrease1,Increase3.3%,15,33201860,Increase1,Increase1.8%,16,36713173,Decrease1,Increase10.6%,19,37604373,Decrease3,Increase2.4%,21,35612133,Decrease2,Decrease5.3%,26,35157322,Decrease5,Decrease1.3%,30,34056443,Steady,Decrease3.0%,32,32378599,Decrease2,Decrease4.9%,35,32749649,Decrease3,,40,33074443,Decrease5,Increase1.0%,41,33125768,Decrease1,Increase0.2%,43,33870693,Decrease2,Increase2.3%,46,35147083,Decrease3,Increase3.7%,50,36556281,Decrease4,Increase4.1%
McCarran International Airport,LAS,KLAS,36.08010101000,-115.15200040000,12,36865866,Increase9,12,35180960,Steady,Decrease4.6%,12,35009011,Steady,Decrease0.5%,12,36285932,Steady,Increase3.6%,11,41411531,Increase1,Increase19.7%,10,43989982,Increase1,Increase6.0%,11,46193329,Decrease1,Increase5.0%,15,46961011,Decrease4,Increase3.2%,15,43208724,Steady,Decrease8.0%,17,40469012,Decrease2,Decrease6.3%,22,39757359,Decrease5,Decrease1.8%,23,40560285,Decrease1,Increase2.0%,23,41666527,Steady,Increase0.5%,24,41856787,Decrease1,Decrease0.5%,25,42869517,Decrease1,Increase2.4%,26,45356580,Decrease1,Increase5.8%
Orlando International Airport,MCO,KMCO,28.42939949000,-81.30899811000,24,30823509,Increase5.6,24,28253248,Steady,Decrease8.3%,28,26653672,Decrease4,Decrease5.7%,23,27319223,Increase5,Increase2.5%,24,31143388,Decrease1,Increase14.0%,21,34128048,Increase3,Increase8.4%,24,34640451,Decrease3,Increase1.5%,20,36480416,Increase4,Increase5.3%,22,35660742,Decrease2,Decrease2.3%,27,33693649,Decrease5,Decrease5.5%,29,34877899,Decrease2,Increase3.5%,32,35356991,Decrease3,Increase1.4%,33,35214430,Decrease1,Decrease0.4%,41,34973645,Decrease8,Decrease0.8%,43,35714091,Decrease2,Increase2.7%,43,38727749,Steady,Increase8.4%
Chek Lap Kok International Airport,HKG,VHHH,22.30890083000,113.91500090000,0,,,17,32546029,Increase5,Decrease0.6%,15,33882463,Increase2,Increase4.1%,24,27092290,Decrease9,Decrease20.0%,17,36711920,Increase7,Increase35.5%,16,40269847,Increase1,Increase9.7%,14,43857908,Increase2,Increase8.9%,14,47042419,Steady,Increase7.3%,12,47857746,Increase2,Increase1.7%,13,45558807,Decrease1,Decrease4.8%,11,50348960,Increase2,Increase10.5%,10,53328613,Increase1,Increase5.9%,12,56064248,Decrease2,Increase5.2%,11,59609414,Increase1,Increase6.3%,10,63121786,Increase1,Increase5.9%,8,68283407,Increase2,Increase8.2%
Phoenix Sky Harbor International Airport,PHX,KPHX,33.43429947000,-112.01200100000,15,36040469,Increase7.4,0,,,,0,,,,11,37412165,Steady,Increase5.2%,12,39493519,Decrease1,Increase5.56%,14,41213754,Decrease2,Increase4.3%,18,41436737,Decrease4,Increase0.5%,17,42184515,Increase1,Increase1.8%,17,39891193,Steady,Decrease5.4%,19,37824982,Decrease2,Decrease5.2%,24,38554215,Decrease5,Increase1.9%,22,40591948,Increase2,Increase5.3%,25,40452009,Decrease3,Decrease0.3%,27,40318451,Decrease2,Decrease0.3%,26,42125212,Increase1,Increase4.5%,29,44003840,Decrease3,Increase4.5%
Singapore Changi Airport,SIN,WSSS,1.35019000000,103.99400300000,28,28618200,Increase9.8,25,28093759,Increase3,Decrease1.8%,24,28979344,Increase1,Increase3.2%,0,,,,26,30353565,Increase?,Increase23.1%,25,32430856,Increase1,Increase6.8%,22,35033083,Increase3,Increase8.0%,19,36701556,Increase3,Increase4.8%,19,37694824,Steady,Increase2.7%,21,37203978,Decrease2,Decrease1.3%,18,42038777,Increase3,Increase13.0%,18,46543845,Steady,Increase10.7%,15,51181804,Increase3,Increase10.0%,13,53726087,Increase2,Increase5.0%,16,54093000,Decrease3,Increase0.7%,16,55449000,Steady,Increase2.5%
Beijing Capital International Airport,PEK,ZBAA,40.08010101000,116.58499910000,0,,,0,,,,26,27159665,Increase?,Increase12.3%,0,,,,20,34883190,Increase?,Increase43.2%,15,41004008,Increase5,Increase17.5%,9,48654770,Increase6,Increase18.7%,9,53583664,Steady,Increase10.1%,8,55937289,Increase1,Increase4.4%,3,65372012,Increase5,Increase16.9%,2,73948113,Increase1,Increase13.1%,2,78675058,Steady,Increase6.4%,2,81929359,Steady,Increase4.5%,2,83712355,Steady,Increase2.2%,2,86128270,Steady,Increase2.9%,2,89938628,Steady,Increase4.4%
Suvarnabhumi Airport,BKK,VTBS,13.68109989000,100.74700160000,26,29616432,Increase8.5,0,,,,0,,,,0,,,,0,,,,0,,,,16,42799532,Increase2,Increase9.8%,18,41210081,Decrease2,Decrease3.7%,18,38603490,Steady,Decrease6.3%,16,40500224,Increase2,Increase4.9%,17,42784967,Decrease1,Increase5.6%,16,47910904,Increase1,Increase12.0%,14,53002328,Increase2,Increase10.6%,17,51363451,Decrease3,Decrease3.1%,22,46423352,Decrease5,Decrease9.6%,20,52808013,Increase2,Increase13.8%
Munich International Airport,MUC,EDDM,48.35380173000,11.78610039000,0,,,0,,,,0,,,,0,,,,0,,,,0,,,,30,30757978,Increase?,Increase7.5%,28,33959422,Increase2,Increase10.4%,27,34530593,Increase1,Increase1.7%,30,32681067,Decrease3,Decrease5.4%,30,34721605,Steady,Increase6.2%,27,37763701,Increase3,Increase8.8%,30,38360604,Decrease3,Increase1.6%,30,38672644,Steady,Increase0.8%,32,39700515,Decrease2,Increase2.7%,34,40981522,Decrease2,Increase3.2%
Dubai International Airport,DXB,OMDB,25.25279999000,55.36439896000,0,,,0,,,,0,,,,0,,,,0,,,,0,,,,0,,,,27,34348110,Increase?,Increase19.3%,20,37441440,Increase7,Increase9.0%,15,40901752,Increase5,Increase9.2%,13,47180628,Increase2,Increase15.4%,13,50977960,Steady,Increase8.0%,10,57684550,Increase3,Increase13.2%,7,66431533,Increase3,Increase15.2%,6,70475636,Increase1,Increase6.1%,3,78014841,Increase3,Increase10.7%
Charlotte Douglas International Airport,CLT,KCLT,35.21400070000,-80.94309998000,0,,,0,,,,0,,,,0,,,,0,,,,0,,,,0,,,,30,33165688,Increase?,Increase11.7%,26,34739020,Increase4,Increase4.7%,24,34536666,Increase2,Decrease0.6%,25,38254207,Decrease1,Increase10.8%,25,39043708,Steady,Increase2.1%,24,41226035,Increase1,Increase5.6%,23,43456310,Increase1,Increase5.4%,24,44279504,Decrease1,Increase1.9%,27,44876627,Decrease3,Increase1.2%
Lester B. Pearson International Airport,YYZ,CYYZ,43.67720032000,-79.63059998000,27,28930036,Increase4.1,26,28042692,Increase1,Decrease3.1%,29,25930363,Decrease3,Decrease7.5%,29,24739312,Steady,Decrease4.6%,29,28615709,Steady,Increase4.6%,29,29914750,Steady,Increase4.5%,29,30794980,Steady,Increase2.9%,0,,,,34,32338902,?,Increase2.8%,38,30368339,Decrease4,Decrease6.1%,38,31937895,Steady,,38,33434199,Steady,Increase4.5%,35,34912456,Increase3,Increase4.4%,35,36037962,Steady,Increase3.2%,34,38569088,Increase1,Increase6.8%,33,41036847,Increase1,Increase6.4%
Seattle Tacoma International Airport,SEA,KSEA,47.44900131000,-122.30899810000,29,28408553,Increase2.5,27,27036073,Increase2,Decrease4.8%,27,26690843,Steady,Decrease1.3%,25,26755888,Increase2,Increase0.2%,28,28804554,Decrease3,Increase7.5%,30,29289026,Decrease2,Increase1.7%,0,,,,0,,,,35,32187939,?,Increase2.8%,36,31227512,Decrease1,Decrease3.0%,39,31553166,Decrease3,,41,32820060,Decrease2,Increase3.9%,40,33219723,Increase1,Increase1.2%,42,34824281,Decrease2,Increase4.8%,40,37497941,Increase2,Increase7.7,31,42340461,Increase9,Increase12.9%
Leonardo da Vinci–Fiumicino Airport,FCO,LIRF,41.80027780000,12.23888890000,0,,,29,25565727,Increase?,Decrease2.7%,0,,,,27,26284478,Increase?,Increase3.7%,0,,,,0,,,,0,,,,0,,,,25,35132224,Increase?,Increase6.9%,26,33723213,Decrease1,Decrease4.0%,26,36227778,Steady,Increase7.4%,29,37651222,Decrease3,Increase3.9%,32,36980161,Decrease3,Decrease1.8%,34,36165762,Decrease5,Decrease2.2%,35,38506467,Decrease1,Increase6.5%,36,40422156,Decrease1,Increase5.0%
Sydney Kingsford Smith International Airport,SYD,YSSY,-33.94609833000,151.17700200000,0,,,0,,,,0,,,,28,25333508,Increase?,Increase4.0%,0,,,,0,,,,0,,,,0,,,,33,33302642,?,Increase3.0%,28,33451383,Increase5,Increase0.4%,27,35991917,Increase1,Increase7.6%,31,36022614,Decrease4,Increase0.1%,31,37342798,Steady,Increase3.7%,31,38254039,Steady,Increase2.4%,33,38863380,Decrease2,Increase1.6%,38,39914103,Decrease5,Increase2.7%
Barcelona International Airport,BCN,LEBL,41.29710007000,2.07845997800,0,,,0,,,,0,,,,0,,,,0,,,,0,,,,0,,,,0,,,,38,30195794,?,Decrease8.1%,42,27301662,Decrease4,Decrease9.8%,43,29197135,Decrease1,,35,34387597,Increase8,Increase15.1%,34,35131771,Increase1,Increase2.2%,39,35210735,Decrease5,Increase0.2%,39,37540326,Steady,Increase6.7%,40,39674095,Decrease1,Increase5.7%
Atatürk International Airport,IST,LTBA,40.97689819000,28.81459999000,0,,,0,,,,0,,,,0,,,,0,,,,0,,,,0,,,,0,,,,42,26364017,?,Increase3.1%,39,29854119,Increase3,Increase4.3%,37,32165817,Increase2,,30,37406025,Increase7,Increase16.3%,20,44992420,Increase10,Increase20.1%,18,51172626,Increase2,Increase13.6%,13,56767108,Increase5,Increase10.7%,11,61836781,Increase2,Increase9.2%
Chhatrapati Shivaji International Airport,BOM,VABB,19.08869934000,72.86789703000,0,,,0,,,,0,,,,0,,,,0,,,,0,,,,0,,,,0,,,,47,24335306,?,Decrease3.6%,48,24804766,Decrease1,Increase1.9%,45,28137797,Increase3,,44,30439122,Increase1,Increase7.6%,48,30038696,Decrease4,Decrease1.3%,48,31940026,Steady,Increase6.3%,47,34993738,Increase1,Increase9.6%,35,40637377,Increase12,Increase16.1%
Indira Gandhi International Airport,DEL,VIDP,28.56649971000,77.10310364000,0,,,0,,,,0,,,,0,,,,0,,,,0,,,,0,,,,0,,,,50,23181090,?,Decrease0.7%,44,25252814,Increase6,Increase8.6%,44,28531607,Steady,,34,34729467,Increase10,Increase17.8%,37,34211608,Decrease3,Decrease1.5%,32,36712455,Increase5,Increase7.3%,31,39752819,Increase1,Increase8.4%,25,45981773,Increase6,Increase15.7%
Soekarno-Hatta International Airport,CGK,WIII,-6.12556982000,106.65599820000,0,,,0,,,,0,,,,0,,,,0,,,,0,,,,0,,,,0,,,,36,32172114,?,Increase0.6%,22,37143719,Increase14,Increase15.2%,16,44355998,Increase6,Increase19.4%,12,51533187,Increase4,Increase16.2%,9,57730732,Increase3,Increase14.4%,10,59701543,Decrease1,Increase3.4%,12,57221169,Decrease2,Decrease3.6%,18,54053905,Decrease6,Decrease5.5%
Kuala Lumpur International Airport,KUL,WMKK,2.74557995800,101.70999910000,0,,,0,,,,0,,,,0,,,,0,,,,0,,,,0,,,,0,,,,41,27529355,?,Increase2.4%,40,29682093,Increase1,Increase7.8%,31,34087636,Increase9,,28,37704510,Increase3,Increase10.6%,27,39887866,Increase1,Increase6.6%,20,47498157,Increase7,Increase19.1%,20,48930409,Steady,Increase3.0%,23,48938424,Decrease3,Steady0.0%
Guangzhou Baiyun International Airport,CAN,ZGGG,23.39240074000,113.29900360000,0,,,0,,,,0,,,,0,,,,0,,,,0,,,,0,,,,0,,,,32,33444814,?,Increase8.0%,23,37048712,Increase9,Increase10.8%,19,40975673,Increase4,Increase10.6%,19,45040340,Steady,Increase9.9%,18,48548430,Increase1,Increase7.8%,16,52450262,Increase2,Increase8.6%,15,54780346,Increase1,Increase4.4%,17,55201915,Decrease2,Increase0.8%
Shanghai Pudong International Airport,PVG,ZSPD,31.14340019000,121.80500030000,0,,,0,,,,0,,,,0,,,,0,,,,0,,,,0,,,,0,,,,40,28230017,?,Decrease2.4%,34,32102549,Increase6,Increase13.7%,20,40578621,Increase14,Increase26.4%,20,41447730,Steady,Increase2.1%,21,44880164,Decrease1,Increase8.3%,21,47189849,Steady,Increase5.2%,19,51687894,Increase2,Increase9.5%,13,60053387,Increase6,Increase16.3%
Incheon International Airport,ICN,RKSI,37.46910095000,126.45099640000,0,,,0,,,,0,,,,0,,,,0,,,,0,,,,0,,,,0,,,,39,30166816,?,Decrease4.0%,41,28677161,Decrease2,Decrease4.9%,33,33605579,Increase8,,33,35191825,Steady,Increase4.5%,29,39154375,Increase4,Increase11.3%,25,41679758,Increase4,Increase6.5%,23,45662322,Increase2,Increase9.6%,22,49412750,Increase1,Increase8.2%
Shenzhen Bao'an International Airport,SZX,ZGSZ,22.63929939000,113.81099700000,0,,,0,,,,0,,,,0,,,,0,,,,0,,,,0,,,,0,,,,0,,,,49,24486406,Increase?,Increase14.4%,50,26713610,Decrease1,,49,28245745,Increase1,Increase5.4%,49,29569725,Steady,Increase4.7%,47,32268457,Increase2,Increase9.1%,41,36272701,Increase6,Increase12.4%,39,39721619,Increase2,Increase9.5%
Shanghai Hongqiao International Airport,SHA,ZSSS,31.19790077000,121.33599850000,0,,,0,,,,0,,,,0,,,,0,,,,0,,,,0,,,,0,,,,0,,,,47,25078548,Increase?,Increase9.6%,41,31298812,Increase6,,39,33112442,Increase2,Increase5.5%,39,33828726,Steady,Increase2.2%,36,35599643,Increase3,Increase5.3%,37,37971135,Decrease1,Increase6.7%,42,39090699,Decrease5,Increase3.0%
Ninoy Aquino International Airport,MNL,RPLL,14.50860000000,121.01999700000,0,,,0,,,,0,,,,0,,,,0,,,,0,,,,0,,,,0,,,,0,,,,0,,,,49,27148724,Increase?,,46,29551394,Increase3,Increase8.1%,45,31878935,Increase1,Increase7.9%,45,32856597,Steady,Increase3.1%,49,34015169,Decrease4,Increase3.5%,49,36583459,Steady,Increase7.3%
Guarulhos - Governador André Franco Montoro International Airport,GRU,SBGR,-23.43555641000,-46.47305679000,0,,,0,,,,0,,,,0,,,,0,,,,0,,,,0,,,,0,,,,0,,,,0,,,,47,27432346,Increase?,,45,30371131,Increase2,Increase9.7%,43,32477646,Increase2,Increase6.9%,33,36460923,Increase10,Increase10.6%,30,39765714,Increase3,Increase9.9%,41,39213865,Decrease11,Decrease1.4%
Chengdu Shuangliu International Airport,CTU,ZUUU,30.57850075000,103.94699860000,0,,,0,,,,0,,,,0,,,,0,,,,0,,,,0,,,,0,,,,0,,,,0,,,,0,,,,47,29073990,Increase4,Increase11.2%,46,31599353,Increase1,Increase8.7%,44,33445817,Increase2,Increase5.8%,38,37712357,Increase6,Increase12.8%,32,42244842,Increase6,Increase12.0%
Narita International Airport,NRT,RJAA,35.76470184000,140.38600160000,0,,,30,25379370,Increase?,Decrease7.3%,25,28883606,Increase5,Increase13.8%,26,26537406,Decrease1,Decrease8.1%,25,31057252,Increase1,Increase17.0%,27,31451274,Decrease2,Increase1.3%,23,34975225,Increase4,Increase11.3%,24,35478146,Decrease1,Increase1.4%,31,33486511,Decrease6,Decrease5.6%,33,32135191,Decrease2,Decrease4.0%,32,33815906,Increase1,,0,,,,42,32874530,Increase?,Increase17.2%,38,35341341,Increase4,Increase7.6%,45,35535206,Decrease7,Increase0.6%,48,37268307,Decrease3,Increase4.9%
Licenciado Benito Juarez International Airport,MEX,MMMX,19.43630000000,-99.07209800000,0,,,0,,,,0,,,,0,,,,0,,,,0,,,,0,,,,0,,,,43,26210217,?,Increase1.3%,50,24243056,Decrease7,Decrease7.5%,0,,,,0,,,,0,,,,49,31534638,Increase,Increase6.9%,48,34255739,Increase1,Increase8.6%,45,38433288,Increase3,Increase12.2%
Taiwan Taoyuan International Airport,TPE,RCTP,25.07770000000,121.23300200000,0,,,0,,,,0,,,,0,,,,0,,,,0,,,,0,,,,0,,,,0,,,,0,,,,0,,,,0,,,,0,,,,0,,,,42,35804465,Increase,Increase11.2%,44,38473333,Decrease2,Increase7.5%
Kunming Changshui International Airport,KMG,ZPPP,25.10194440000,102.92916670000,0,,,0,,,,0,,,,0,,,,0,,,,0,,,,0,,,,0,,,,0,,,,0,,,,0,,,,0,,,,0,,,,0,,,,0,,,,46,37523345,Increase?,Increase16.0%
Domodedovo International Airport,DME,UUDD,55.40879822000,37.90629959000,0,,,0,,,,0,,,,0,,,,0,,,,0,,,,0,,,,0,,,,0,,,,0,,,,0,,,,0,,,,0,,,,50,30765078,Increase,Increase9.2%,50,33108047,Steady,Increase7.3%,0,,,
Detroit Metropolitan Wayne County Airport,DTW,KDTW,42.21239853000,-83.35340118000,16,35535080,Increase4.6,18,32294121,Decrease2,Decrease9.1%,17,32477694,Increase1,Increase0.5%,16,32664620,Increase1,Increase0.6%,19,35187517,Decrease3,Increase7.7%,20,36389294,Decrease1,Increase3.2%,20,35972673,Steady,Decrease1.1%,22,35983478,Decrease2,Increase0%,24,35135828,Decrease2,Decrease2.4%,35,31357388,Decrease11,Decrease10.8%,36,32377064,Decrease1,,42,32419181,Decrease6,Increase0.1%,44,32205358,Decrease2,Decrease0.7%,46,32389544,Decrease2,Increase0.6%,0,,,,0,,,
Philadelphia International Airport,PHL,KPHL,39.87189865000,-75.24109650000,0,,,11,35439031,Increase4,Decrease1.7%,11,35547167,Steady,Increase0.3%,30,24671075,Increase?,Increase0.5%,30,28507420,Steady,Increase15.5%,26,31495385,Increase4,Increase10.5%,28,31768272,Decrease2,Increase0.9%,0,,,,37,31832419,?,Decrease1.2%,37,30669564,Steady,Decrease3.7%,42,30775271,Decrease5,,43,30839130,Decrease1,Increase0.2%,47,30228596,Decrease4,Decrease2.0%,0,,,,0,,,,0,,,
Melbourne International Airport,MEL,YMML,-37.67330170000,144.84300230000,0,,,0,,,,0,,,,0,,,,0,,,,0,,,,0,,,,0,,,,46,24892467,?,Increase7.9%,45,25248762,Increase1,Increase1.4%,46,27731252,Decrease1,,50,28060111,Decrease4,Increase1.2%,50,29431084,Steady,Increase4.9%,0,,,,0,,,,0,,,
General Edward Lawrence Logan International Airport,BOS,KBOS,42.36429977000,-71.00520325000,30,27412926,Increase1.3,0,,,,0,,,,0,,,,0,,,,0,,,,0,,,,0,,,,45,26102391,?,Decrease7.1%,43,25512086,Increase2,Decrease2.3%,48,27429152,Decrease5,,48,28866313,Steady,Increase5.0%,0,,,,0,,,,0,,,,0,,,
Paris-Orly Airport,ORY,LFPO,48.72333330000,2.37944440000,0,,,0,,,,0,,,,0,,,,0,,,,0,,,,0,,,,0,,,,44,26207628,?,Decrease0.9%,46,25107693,Decrease2,Decrease4.2%,0,,,,0,,,,0,,,,0,,,,0,,,,0,,,
Dublin Airport,DUB,EIDW,53.42129898000,-6.27007007600,0,,,0,,,,0,,,,0,,,,0,,,,0,,,,0,,,,0,,,,49,23466630,?,Increase0.8%,0,,,,0,,,,0,,,,0,,,,0,,,,0,,,,0,,,
Washington Dulles International Airport,IAD,KIAD,38.94449997000,-77.45580292000,0,,,0,,,,0,,,,0,,,,0,,,,0,,,,0,,,,0,,,,48,23698010,?,Decrease3.4%,0,,,,0,,,,0,,,,0,,,,0,,,,0,,,,0,,,
Don Mueang International Airport,DMK,VTBD,13.91259956000,100.60700230000,0,,,21,30623366,Increase5,Increase3.4%,18,32182980,Increase3,Increase5.1%,18,30175379,Steady,Decrease6.2%,14,37960169,Increase4,Increase25.8%,18,38985043,Decrease4,Increase2.7%,0,,,,0,,,,0,,,,0,,,,0,,,,0,,,,0,,,,0,,,,0,,,,0,,,
Lambert St Louis International Airport,STL,KSTL,38.74869919000,-90.37000275000,25,30561387,Increase1.2,28,26695019,Decrease3,Decrease12.7%,30,25626114,Decrease2,Decrease3.9%,0,,,,0,,,,0,,,,0,,,,0,,,,0,,,,0,,,,0,,,,0,,,,0,,,,0,,,,0,,,,0,,,
Jeon Ju Airport,CHN,RKJU,35.87839890000,127.12000270000,22,32752359,Increase10.2,0,,,,0,,,,0,,,,0,,,,0,,,,0,,,,0,,,,0,,,,0,,,,0,,,,0,,,,0,,,,0,,,,0,,,,0,,,
Gimpo International Airport,GMP,RKSS,37.55830002000,126.79100040000,14,36727124,Increase10.1,0,,,,0,,,,0,,,,0,,,,0,,,,0,,,,0,,,,0,,,,0,,,,0,,,,0,,,,0,,,,0,,,,0,,,,0,,,
